<application>
  <component name="JavaFxSettings">
    <option name="pathToSceneBuilder" value="$USER_HOME$/AppData/Local/SceneBuilder/SceneBuilder.exe" />
    <option name="myPathToSceneBuilder" value="$USER_HOME$/AppData/Local/SceneBuilder/SceneBuilder.exe" />
  </component>
  <component name="PropertiesComponent">
    <property name="ExpandBeforeRunStepsPanel" value="true" />
    <property name="ExpandRunDashboardTypesPanel" value="false" />
    <property name="IJ_BASE_PACKAGE" value="" />
    <property name="KEYMAP" value="run&#10;collapse&#10;select prev&#10;select next&#10;tab" />
    <property name="MemberChooser.copyJavadoc" value="false" />
    <property name="MemberChooser.showClasses" value="true" />
    <property name="SettingsSearchHistory" value="key&#10;wrap&#10;terminal" />
    <property name="ShowDocumentationInToolWindow" value="true" />
    <property name="SqlStructureView.filterD.file.structure.state" value="true" />
    <property name="com.intellij.database.actions.DdlActions$DeleteProvider2$1.previewExpanded" value="true" />
    <property name="com.intellij.openapi.roots.ui.configuration.TabbedModuleEditor.selectedEditor" value="Dependencies" />
    <property name="defaultJdkConfigured" value="true" />
    <property name="evlsprt3.183" value="15" />
    <property name="file.chooser.recent.files" value="$USER_HOME$/Desktop/School/Semester 2019 SPRING/java/HOMEWORK&#10;C:/Users/lesam/Desktop/School/Semester 2019 SPRING/Java/HOMEWORK&#10;C:/Users/lesam/Desktop/School/Semester 2019 SPRING/GUI/AtLab/Lab5&#10;C:/Users/lesam/Desktop/School/Semester 2019 SPRING/gui_project_1&#10;C:/Users/lesam/Desktop/GUI-master/AtLab/Lab4&#10;C:/Users/lesam/Desktop/School/Semester 2019 SPRING/GUI/Homework/HW_3&#10;C:/Users/lesam/Desktop/School/Semester 2019 SPRING/GUI/AtLab/Lab4&#10;C:/Users/lesam&#10;C:/Users/lesam/Desktop/School/Semester 2019 SPRING/GUI/AtLab/Lab3&#10;C:/Users/lesam/Desktop/School/Semester 2019 SPRING/Java/HOMEWORK/HW_2&#10;C:/Users/lesam/Desktop/School/Semester 2019 SPRING/Java/HOMEWORK/HW_3&#10;C:/Users/lesam/Desktop/School/Semester 2019 SPRING/GUI/Homework/HW_1&#10;C:/Users/lesam/Desktop/School/Semester 2019 SPRING/GUI/Homework/lab1&#10;C:/Users/lesam/Desktop/School/Semester 2019 SPRING/GUI/Homework&#10;C:/Users/lesam/Desktop/School/Semester 2019 SPRING/GUI/Homework/lab1/.idea&#10;C:/Users/lesam/Desktop/a.zip&#10;C:/Users/lesam/Desktop/School/Java/HW_1" />
    <property name="file.gist.reindex.count" value="137" />
    <property name="fileTypeChangedCounter" value="1" />
    <property name="installed.kotlin.plugin.version" value="1.3.11-release-IJ2018.3-1" />
    <property name="jdk.selected.JAVA_MODULE" value="1.8" />
    <property name="lastTip" value="1" />
    <property name="project.wizard.group" value="JAVA_MODULE" />
    <property name="project.wizard.template" value="Java" />
    <property name="ts.lib.d.ts.version" value="3.2.1" />
  </component>
</application>